TEAM,G,W,ADJOE,ADJDE,BARTHAG,EFG_O,EFG_D,TOR,TORD,ORB,FTR,FTRD,2P_O,2P_D,3P_O,3P_D,ADJ_T,SEED,Num_of_champs,Last_yr_performance,Coach_champs
Akron,32,27,117.165,105.337,0.773,58.5,50.6,15.5,18.4,29.9,29.1,30.3,59.1,49,38.5,35.1,70.321,12,0,R64,0
Alabama,32,23,129.499,102.788,0.934,55.4,49.2,13,12.6,32.8,37.2,32.7,57.3,48.6,35.8,33.5,73.059,4,0,E8,0
Arizona,34,32,126.933,91.399,0.978,55.1,45,15.1,16.7,26.9,42.9,27.7,55.4,43.8,36,31.4,70.027,1,1,R32,0
Arkansas,34,26,127.944,101.671,0.934,56.5,51.4,12.3,15.7,31.2,36.4,31.3,55.6,53.7,38.9,31.7,70.974,4,1,R32,1
BYU,34,23,124.746,104.326,0.887,54.7,51.2,15.3,16.5,29.3,34.2,28.9,56.2,50,34.9,35.3,69.779,6,0,S16,0
Cal Baptist,33,25,107.493,100.32,0.689,48.6,46.4,18.1,17.1,27.2,36.1,37.1,47.7,47.3,33.7,29.7,65.931,13,0,69,0
Clemson,34,24,116.541,96.955,0.892,52.6,48.9,14.2,17.5,25.7,37.1,33.1,53.8,49,34.1,32.6,64.273,8,0,R64,0
Connecticut,34,29,123.091,94.966,0.952,55.3,45.7,16.8,18,28.7,30,40.2,57.1,45.8,35.2,30.3,64.583,2,6,R32,2
Duke,34,32,128.149,90.825,0.981,56.8,46.2,15.7,18.1,24.8,37.8,23.7,60.1,46.6,35.1,30.4,65.803,1,5,F4,0
Florida,33,26,126.11,92.272,0.973,53.5,46.3,16.5,15.4,24.8,39.1,34,57.9,45.2,30.8,32.4,70.398,1,3,Champions,1
Furman,31,19,106.897,109.003,0.444,54.8,50.1,17.8,13.7,27.5,32.1,28.9,59,50.9,33.3,32.6,65.841,15,0,69,0
Georgia,32,22,124.317,104.76,0.877,54.6,50.1,14.3,18.4,34.9,37,30.8,57.3,49.9,34.1,33.7,72.026,8,0,R64,0
Gonzaga,33,30,120.281,94.018,0.944,56.3,46.2,13.7,20.5,25.9,31.1,31,58.7,46.2,34,30.8,68.932,3,0,R32,0
Hawaii,30,22,106.901,101.846,0.636,52,46.4,18.9,16.9,25,42.4,36.1,55,46.6,31.6,30.7,69.581,13,0,69,0
High Point,31,27,115.681,107.52,0.699,54.7,50.1,13,21.9,31.7,42.9,36.4,57.1,51.6,34.4,31.9,69.889,12,0,R64,0
Hofstra,32,22,113.19,104.955,0.704,51.5,45.9,16.1,15,30.5,32.5,35.4,48.6,44.2,36.8,32.3,64.714,13,0,69,0
Houston,34,28,125.376,92.398,0.971,52.1,46.6,13,21,30.9,26.9,39,51.9,45.5,34.9,32.1,63.325,2,0,2ND,0
Howard,29,19,103.444,106.231,0.424,50.6,47.4,19.8,21.3,32,44.2,38.3,49.9,48.3,34.7,30.4,69.048,16,0,69,0
Idaho,32,18,108.829,106.19,0.57,51.9,50.3,15,15.2,24.2,34.8,39.2,52,49.3,34.5,34.8,67.424,15,0,69,0
Illinois,32,24,131.949,98.207,0.968,55.1,47.6,13.2,11.6,27,32.9,20.6,58.2,48,34.7,31.4,65.718,3,0,R32,0
Iowa,33,21,122.131,100.191,0.907,56.6,52.7,15.2,21,28,34.5,39.1,58.7,54,35.7,33.7,63.027,9,0,69,0
Iowa St.,34,27,123.777,92.639,0.966,56.5,49.5,15.1,22.4,28.1,34,27.9,55.5,50.5,38.7,32.1,66.962,2,0,R32,0
Kansas,33,23,117.869,94.383,0.928,51.6,45.2,15.5,14,30.1,32.6,27.7,51.1,44.7,35,30.7,67.61,4,4,R64,2
Kennesaw St.,31,18,110.8,109.501,0.534,50.7,48.5,16.7,16.1,31.3,45.1,47.5,50.8,47,33.7,33.9,71.267,14,0,69,0
Kentucky,34,21,119.911,99.986,0.89,53.1,48.8,15,15.8,30.1,37.5,37,54.4,49.6,34.1,31.6,68.319,7,8,S16,0
Lehigh,32,16,102.576,112.769,0.252,53.3,50.6,17.5,16.3,31.7,32.2,32.8,52.4,51.2,36.5,32.8,66.869,16,0,69,0
LIU,34,24,103.644,109.753,0.341,53.3,49.8,19,18.9,32.6,34.7,34.1,52.9,50.8,36.1,31.9,67.829,16,0,69,0
Louisville,33,23,124.034,98.166,0.936,56.4,48.8,16.4,16.7,26.9,33.5,33.4,59.7,48.6,35.7,32.7,69.712,6,3,R64,0
McNeese St.,31,26,113.158,102.173,0.764,51,48.9,14.3,24.6,35,38.3,42.1,52.9,49.1,31.6,32.5,66.136,12,0,R32,0
Miami FL,33,25,121.077,101.466,0.884,55.6,51.7,16.2,18.4,26.3,37.5,29,57.2,50.8,34.7,35.4,67.93,7,0,69,0
Miami OH,29,28,116.687,107.587,0.718,59.2,50.8,14.5,17.5,28.1,40.2,30.9,61.5,51.6,37.5,33,69.942,11,0,69,0
Michigan,34,31,127.634,91.047,0.98,58.1,44.7,16.7,15.5,27.7,37.7,26.3,61,44.3,36,30.2,71.216,1,1,S16,0
Michigan St.,32,25,122.89,96.16,0.944,53.6,48.6,17.1,14.8,22.6,36.2,30.9,53.4,48,35.9,32.9,65.981,3,2,E8,1
Missouri,32,20,119.921,103.027,0.851,55.3,51.4,18,16.6,31.4,42.5,35.1,56.9,48.9,35,36.5,66.38,10,0,R64,0
N.C. State,33,20,124.079,104.635,0.877,55.3,53,13.1,18.2,30.3,35.2,36.5,53.1,52.7,38.8,35.6,69.092,11,2,69,0
Nebraska,32,26,117.254,93.483,0.931,55.4,47.8,14.4,19.2,27.7,27.2,24.8,58.1,50.6,35.3,29.9,66.821,4,0,69,0
North Carolina,32,24,121.468,100.053,0.903,54.6,48.2,14,13.6,28.1,37.4,23.8,56.7,46.1,34.5,34.5,67.986,6,6,69,0
North Dakota St.,31,24,111.459,106.049,0.639,53.4,51.5,15.6,18.7,25.7,30.7,29.1,53.2,52.6,35.7,33.5,66.357,14,0,69,0
Northern Iowa,34,22,109.711,98.582,0.774,54.2,47.2,14.6,18.1,26.3,25.7,29.3,55.3,50,34.9,28.9,62.187,12,0,69,0
Ohio St.,33,21,125.217,101.608,0.917,56.5,50.3,15.4,15.8,30,37.8,35.1,58.2,52.3,36,31.6,66.161,8,1,69,0
Penn,28,17,106.576,105.414,0.531,50.3,51.7,15.4,17.8,30.5,35.2,27.5,46.2,54.4,38.7,31.7,69.024,14,0,69,0
Prairie View A&M,31,14,101.421,111.398,0.254,47.9,50.4,16,19.1,34.8,42.8,43.9,47,49.4,33.2,35,70.869,16,0,69,0
Purdue,35,27,133.288,100.251,0.964,57.6,52.3,13.5,15.6,26.4,28.6,26,58.1,53.1,37.9,34.2,64.436,2,0,S16,0
Queens,33,20,114.632,117.082,0.439,56.6,54,14.8,15,33,36.3,38.7,59,54.1,35.9,35.8,69.502,15,0,69,0
Saint Louis,32,27,119.569,102.227,0.858,59.7,44.8,17.4,16.1,27,34.7,37.2,58.9,44.6,40.5,30,71.014,9,0,69,0
Saint Mary's,31,26,119.389,97.586,0.91,52.9,46.7,16.4,15.2,23.8,35.8,25.7,50.2,46.6,38.6,31.2,65.302,7,0,R32,0
Santa Clara,33,25,124.996,103.712,0.895,54.6,51.8,15.6,20.1,32.3,25.8,38.3,56.5,53.2,34.9,33,69.257,10,0,69,0
Siena,34,23,107.251,108.948,0.455,50.6,48.6,16,17.1,29,34.2,27.2,52.8,48.2,30.4,32.8,64.63,16,0,69,0
SMU,33,20,123.046,104.973,0.861,55.7,51.4,15.9,17.1,31.6,30.6,32,55.5,52,37.4,33.9,68.622,11,0,69,0
South Florida,32,24,116.785,101.422,0.835,50.9,48.4,15.2,18.8,31.8,41.1,38.8,51.9,46.7,33.1,33.9,71.401,11,0,69,0
St. John's,34,28,119.836,94.124,0.941,51,47.4,14.7,19.4,30.2,41.9,31.8,51.6,47.5,33.2,31.3,69.604,5,0,R32,2
TCU,33,22,114.85,99.655,0.836,50.9,51,15.5,19.7,29.2,38.7,30.4,51.6,51.3,33.1,33.7,67.58,9,0,69,0
Tennessee,33,22,121.507,95.536,0.941,51.6,47.7,17.1,16.3,27.9,38.7,36.2,52.2,49.2,33.4,30.6,65.225,6,0,E8,0
Tennessee St.,29,20,107.809,111.936,0.394,50.1,51.2,16.5,20,29.9,33.5,41.6,49.9,51.8,33.7,33.5,70.137,15,0,69,0
Texas,31,17,124.057,106.393,0.854,54.2,51.2,15.3,13.4,26.9,46.2,40.7,55.3,49.8,34.9,36,67.099,11,0,R68,0
Texas A&M,32,21,119.889,101.391,0.873,54.2,50.8,14.6,18.3,32.5,37.4,35.6,54.1,53.1,36.2,31.7,71.016,10,0,R32,0
Texas Tech,32,22,126.292,98.788,0.944,56.2,49.4,15.9,14.7,30.1,27.1,31.6,53.6,50.6,39.3,31.5,66.408,5,0,E8,0
Troy,31,20,110.722,109.044,0.544,51.9,50.1,17,16.9,31.6,36.3,32.1,53.7,52,33.2,31.3,65.084,13,0,R64,0
UCF,32,21,119.999,105.672,0.812,52.8,52.4,15.7,15.8,28.5,30.8,35.2,52.1,53.2,36.2,34,69.116,10,0,69,0
UCLA,34,23,124.518,101.761,0.911,53.9,50.4,13.4,18.1,32.4,33.1,34.7,52,52.7,38.2,31.8,64.688,7,11,R32,0
UMBC,30,22,107.569,109.244,0.456,53.9,49.2,14.1,15.2,25.6,33.8,25.2,54,49.7,35.9,32.2,66.007,16,0,69,0
Utah St.,33,27,123.029,102.086,0.895,56.6,49.6,15.4,20.6,32.2,38.7,38.9,59.3,48.7,35.1,33.9,67.554,9,0,R64,0
Vanderbilt,34,26,127.446,99.333,0.946,55.3,48.8,13.3,17.9,31.6,38.2,41,56.8,49.1,35.5,32.2,68.982,5,0,R64,0
VCU,34,27,119.285,103.088,0.843,54.1,48.9,15.2,17.2,29.9,43.7,33.1,53.3,48.4,36.7,33.1,68.681,11,0,R64,0
Villanova,32,24,119.612,100.539,0.881,53.7,51.3,15.1,18.7,31.7,31.3,28.9,54.4,51.5,35.3,33.9,64.946,8,3,69,0
Virginia,34,29,122.248,95.829,0.943,54.6,45.3,16,15.6,29.2,33,33,55.2,44.7,35.9,30.9,65.578,3,1,69,0
Wisconsin,34,24,127.176,101.641,0.929,54.5,51.3,12.8,14.4,28.2,31.9,30.5,54.8,52.3,36.1,33.3,68.694,5,1,R32,0
Wright St.,32,21,112.409,109.027,0.587,54.4,52.1,16.3,16.5,29.2,38,33.5,54.5,52.9,36.1,33.6,66.977,14,0,69,0
